,attendance,away_first_downs,away_fourth_down_attempts,away_fourth_down_conversions,away_fumbles,away_fumbles_lost,away_interceptions,away_net_pass_yards,away_pass_attempts,away_pass_completions,away_pass_touchdowns,away_pass_yards,away_penalties,away_points,away_rush_attempts,away_rush_touchdowns,away_rush_yards,away_third_down_attempts,away_third_down_conversions,away_time_of_possession,away_times_sacked,away_total_yards,away_turnovers,away_yards_from_penalties,away_yards_lost_from_sacks,date,duration,home_first_downs,home_fourth_down_attempts,home_fourth_down_conversions,home_fumbles,home_fumbles_lost,home_interceptions,home_net_pass_yards,home_pass_attempts,home_pass_completions,home_pass_touchdowns,home_pass_yards,home_penalties,home_points,home_rush_attempts,home_rush_touchdowns,home_rush_yards,home_third_down_attempts,home_third_down_conversions,home_time_of_possession,home_times_sacked,home_total_yards,home_turnovers,home_yards_from_penalties,home_yards_lost_from_sacks,losing_abbr,losing_name,stadium,time,winner,winning_abbr,winning_name
199409040nor,69362,28,3,1,1,0,0,308,33,24,2,315,8,30,43,1,152,14,6,37:03,1,460,0,52,7,"Sunday Sep 4, 1994",,22,0,0,2,2,2,312,37,26,2,326,7,17,11,0,37,8,4,22:57,1,349,4,44,14,NOR,New Orleans Saints,Louisiana Superdome,1:00pm,Away,KAN,Kansas City Chiefs
199409040gnb,59487,12,0,0,2,0,3,146,37,20,0,166,9,10,17,0,48,13,4,26:11,3,194,3,66,20,"Sunday Sep 4, 1994",,15,1,1,1,1,0,170,36,22,1,185,8,16,26,0,94,15,4,33:49,3,264,1,60,15,MIN,Minnesota Vikings,Lambeau Field,1:00pm,Home,GNB,Green Bay Packers
199409040det,60740,22,0,0,0,0,0,271,37,29,3,281,10,28,28,1,118,15,9,36:04,2,389,0,90,10,"Sunday Sep 4, 1994",,21,1,1,0,0,1,203,31,16,3,203,5,31,31,1,149,13,5,29:10,0,352,1,40,0,ATL,Atlanta Falcons,Pontiac Silverdome,1:00pm,Home,DET,Detroit Lions
199409040clt,47372,26,2,1,2,2,1,295,57,30,3,332,12,21,14,0,79,15,7,28:00,4,374,3,94,37,"Sunday Sep 4, 1994",,19,0,0,1,1,1,106,13,10,2,112,11,45,37,3,182,10,6,32:00,2,288,2,72,6,OTI,Houston Oilers,RCA Dome,1:00pm,Home,CLT,Indianapolis Colts
199409040cin,52778,16,0,0,2,0,2,149,24,14,1,149,4,28,27,0,107,11,4,25:37,0,256,2,44,0,"Sunday Sep 4, 1994",,23,3,3,1,0,2,213,43,27,1,224,6,20,30,1,118,15,4,34:23,2,331,2,40,11,CIN,Cincinnati Bengals,Riverfront Stadium,1:00pm,Away,CLE,Cleveland Browns
199409040was,52930,23,0,0,2,0,0,176,28,17,1,183,6,28,38,2,184,13,5,33:14,1,360,0,53,7,"Sunday Sep 4, 1994",,17,1,1,1,1,2,224,40,20,1,224,5,7,21,0,34,12,3,26:46,0,258,3,34,0,WAS,Washington Redskins,Robert F. Kennedy Memorial Stadium,1:00pm,Away,SEA,Seattle Seahawks
199409040chi,61844,17,0,0,0,0,0,181,32,18,0,197,6,9,30,0,123,16,6,33:27,3,304,0,72,16,"Sunday Sep 4, 1994",,17,0,0,0,0,0,204,25,18,2,212,6,21,25,1,66,12,6,26:33,2,270,0,45,8,TAM,Tampa Bay Buccaneers,Soldier Field,1:00pm,Home,CHI,Chicago Bears
199409040nyg,76130,20,3,2,1,1,0,317,39,20,2,344,9,23,25,0,78,17,5,29:59,5,395,1,70,27,"Sunday Sep 4, 1994",,15,0,0,2,1,1,149,20,10,1,171,4,28,34,2,141,13,6,30:01,3,290,2,26,22,PHI,Philadelphia Eagles,Giants Stadium,1:00pm,Home,NYG,New York Giants
199409040mia,69613,25,1,0,2,1,2,418,51,32,4,421,5,35,24,1,54,13,6,32:42,1,472,3,62,3,"Sunday Sep 4, 1994",,21,2,1,2,2,1,456,42,23,5,473,8,39,23,0,69,15,8,27:18,2,525,3,65,17,NWE,New England Patriots,Joe Robbie Stadium,4:00pm,Home,MIA,Miami Dolphins
199409040ram,32969,23,2,2,1,1,2,128,40,18,1,158,6,12,32,0,106,13,3,38:22,4,234,3,84,30,"Sunday Sep 4, 1994",,9,0,0,3,1,1,102,16,6,0,131,10,14,22,1,50,11,2,21:38,5,152,2,77,29,CRD,Arizona Cardinals,Anaheim Stadium,4:00pm,Home,RAM,Los Angeles Rams
199409040buf,79460,17,1,1,2,0,1,214,28,14,0,214,5,23,41,2,116,20,11,37:12,0,330,1,30,0,"Sunday Sep 4, 1994",,13,2,0,2,2,1,166,37,22,0,195,5,3,13,0,43,11,3,22:48,4,209,3,40,29,BUF,Buffalo Bills,Rich Stadium,4:00pm,Away,NYJ,New York Jets
199409040pit,60156,26,1,1,0,0,1,245,32,21,1,245,6,26,41,1,197,15,9,35:55,0,442,1,31,0,"Sunday Sep 4, 1994",,14,2,1,0,0,0,71,26,13,0,127,2,9,17,1,55,14,5,24:05,9,126,0,17,56,PIT,Pittsburgh Steelers,Three Rivers Stadium,4:00pm,Away,DAL,Dallas Cowboys
199409040den,74032,19,0,0,1,1,0,232,22,12,3,232,9,37,34,1,138,12,7,27:30,0,370,1,87,0,"Sunday Sep 4, 1994",,30,1,1,1,1,2,341,46,36,3,371,6,34,18,1,129,13,8,32:30,4,470,3,63,30,DEN,Denver Broncos,Mile High Stadium,8:00pm,Away,SDG,San Diego Chargers
199409050sfo,68032,12,4,2,2,1,1,147,33,19,1,196,6,14,20,1,34,14,4,26:33,5,181,2,40,49,"Monday Sep 5, 1994",,24,3,3,0,0,1,292,32,19,4,308,4,44,36,2,156,15,6,33:27,2,448,1,20,16,RAI,Los Angeles Raiders,Candlestick Park,9:00pm,Home,SFO,San Francisco 49ers
199409110nwe,60274,25,0,0,4,1,3,322,41,25,4,328,7,38,38,0,144,17,8,30:06,2,466,4,39,6,"Sunday Sep 11, 1994",,26,1,1,4,3,2,371,42,26,3,380,4,35,25,2,96,9,3,29:54,2,467,5,36,9,NWE,New England Patriots,Foxboro Stadium,1:00pm,Away,BUF,Buffalo Bills
199409110min,57349,13,2,1,3,2,1,175,41,18,0,212,9,3,15,0,37,16,3,25:16,6,212,3,70,37,"Sunday Sep 11, 1994",,14,1,0,5,2,1,203,35,22,1,221,7,10,30,0,86,16,4,34:44,2,289,3,77,18,DET,Detroit Lions,Hubert H. Humphrey Metrodome,1:00pm,Home,MIN,Minnesota Vikings
199409110kan,79907,23,0,0,2,2,2,271,34,24,1,288,9,17,26,1,110,11,6,31:29,4,381,4,73,17,"Sunday Sep 11, 1994",,18,1,1,1,0,0,194,31,19,2,203,6,24,32,1,98,17,9,28:31,1,292,0,70,9,SFO,San Francisco 49ers,Arrowhead Stadium,1:00pm,Home,KAN,Kansas City Chiefs
199409110gnb,55011,20,2,2,2,0,0,162,25,17,2,177,5,24,34,1,146,15,8,36:08,2,308,0,58,15,"Sunday Sep 11, 1994",,23,1,0,1,1,1,345,51,31,2,362,5,14,7,0,38,10,5,23:52,4,383,2,47,17,GNB,Green Bay Packers,Milwaukee County Stadium,1:00pm,Away,MIA,Miami Dolphins
199409110tam,36631,20,1,0,1,0,1,201,24,19,0,206,4,10,39,1,163,15,8,34:27,1,364,1,23,5,"Sunday Sep 11, 1994",,13,0,0,0,0,0,313,24,19,3,313,6,24,24,0,54,12,6,25:33,0,367,0,45,0,CLT,Indianapolis Colts,Tampa Stadium,1:00pm,Home,TAM,Tampa Bay Buccaneers
199409110cle,77774,17,1,1,0,0,0,199,25,15,1,199,15,17,38,1,116,14,4,30:47,0,315,0,115,0,"Sunday Sep 11, 1994",,18,1,0,1,1,4,197,38,19,1,211,5,10,19,0,81,12,4,29:13,2,278,5,40,14,CLE,Cleveland Browns,Cleveland Municipal Stadium,1:00pm,Away,PIT,Pittsburgh Steelers
199409110atl,55378,20,3,1,1,1,3,281,37,19,2,305,9,13,29,0,140,14,6,29:17,2,421,4,65,24,"Sunday Sep 11, 1994",,24,0,0,1,1,1,304,42,30,3,304,5,31,24,0,124,13,9,30:43,0,428,2,25,0,RAM,Los Angeles Rams,Georgia Dome,1:00pm,Home,ATL,Atlanta Falcons
199409110nor,58049,22,2,0,2,1,0,190,22,15,4,195,5,38,46,0,153,15,9,33:34,1,343,1,28,5,"Sunday Sep 11, 1994",,27,0,0,3,2,1,380,49,33,2,388,5,24,15,1,28,11,5,26:26,1,408,3,29,8,NOR,New Orleans Saints,Louisiana Superdome,4:00pm,Away,WAS,Washington Redskins
199409110dal,64402,20,2,2,2,0,2,202,42,20,0,242,8,17,28,2,137,19,9,30:08,5,339,2,78,40,"Sunday Sep 11, 1994",,18,0,0,1,0,1,225,25,14,1,228,5,20,34,1,115,14,6,29:52,3,340,1,50,3,OTI,Houston Oilers,Texas Stadium,4:00pm,Home,DAL,Dallas Cowboys
199409110sdg,53217,17,1,1,4,2,1,167,34,21,1,180,4,10,22,0,113,11,3,26:16,2,280,3,18,13,"Sunday Sep 11, 1994",,21,0,0,0,0,0,299,29,18,2,299,6,27,35,1,166,15,8,33:44,0,465,0,63,0,CIN,Cincinnati Bengals,Jack Murphy Stadium,4:00pm,Home,SDG,San Diego Chargers
199409110rai,47319,22,1,1,2,1,0,235,26,19,3,242,9,38,38,2,97,14,7,35:05,1,332,1,60,7,"Sunday Sep 11, 1994",,20,1,0,2,1,3,198,43,21,0,231,13,9,14,0,99,9,3,24:55,4,297,4,85,33,RAI,Los Angeles Raiders,Los Angeles Memorial Coliseum,4:00pm,Away,SEA,Seattle Seahawks
199409110nyj,73436,22,0,0,0,0,1,316,42,29,1,319,4,22,24,1,85,13,5,31:57,1,401,1,35,3,"Sunday Sep 11, 1994",,19,1,1,1,0,2,287,37,26,2,297,4,25,21,0,79,12,4,32:00,1,366,2,31,10,DEN,Denver Broncos,Giants Stadium,4:00pm,Home,NYJ,New York Jets
199409110crd,60066,19,0,0,1,1,1,88,17,11,2,119,8,20,41,1,118,14,6,35:15,4,206,2,60,31,"Sunday Sep 11, 1994",,11,0,0,2,1,2,135,27,14,1,158,10,17,16,1,39,10,4,24:45,3,174,3,150,23,CRD,Arizona Cardinals,Sun Devil Stadium,8:00pm,Away,NYG,New York Giants
199409120phi,64890,13,0,0,2,0,1,275,31,18,3,289,5,22,11,0,37,12,5,21:03,3,312,1,40,14,"Monday Sep 12, 1994",,24,1,1,1,0,0,311,36,24,3,311,8,30,39,0,105,16,8,38:57,0,416,0,69,0,CHI,Chicago Bears,Veterans Stadium,9:00pm,Home,PHI,Philadelphia Eagles
199409180phi,63922,13,2,0,2,1,2,238,45,24,1,280,8,7,14,0,37,17,7,26:17,6,275,3,67,42,"Sunday Sep 18, 1994",,20,1,1,1,1,1,182,43,20,0,204,8,13,28,1,91,17,6,33:43,3,273,2,61,22,GNB,Green Bay Packers,Veterans Stadium,1:00pm,Home,PHI,Philadelphia Eagles
199409180oti,55424,17,0,0,0,0,1,183,28,18,0,190,5,15,34,0,115,14,3,32:44,1,298,1,40,7,"Sunday Sep 18, 1994",,13,1,0,4,2,1,159,24,11,1,193,8,7,27,0,97,13,5,27:16,5,256,3,51,34,OTI,Houston Oilers,Houston Astrodome,1:00pm,Away,BUF,Buffalo Bills
199409180mia,68192,18,1,1,1,0,4,284,37,22,2,293,4,14,17,0,59,9,2,25:44,1,343,4,26,9,"Sunday Sep 18, 1994",,26,2,2,1,1,1,289,31,23,2,289,2,28,36,2,155,11,6,34:16,0,444,2,25,0,NYJ,New York Jets,Joe Robbie Stadium,1:00pm,Home,MIA,Miami Dolphins
199409180cle,62818,21,1,0,1,0,3,255,58,26,0,269,7,0,17,0,63,17,6,28:20,2,318,3,66,14,"Sunday Sep 18, 1994",,17,1,0,3,1,1,243,27,17,2,248,8,32,27,1,79,9,2,31:40,1,322,2,50,5,CRD,Arizona Cardinals,Cleveland Municipal Stadium,1:00pm,Home,CLE,Cleveland Browns
199409180cin,46640,28,1,1,1,0,2,365,50,30,1,365,5,31,36,2,82,19,10,36:09,0,447,2,32,0,"Sunday Sep 18, 1994",,21,1,0,2,2,0,219,29,21,2,266,4,28,20,2,99,10,4,23:51,7,318,2,30,47,CIN,Cincinnati Bengals,Riverfront Stadium,1:00pm,Away,NWE,New England Patriots
199409180tam,45522,12,1,0,1,0,0,176,31,19,0,176,7,9,23,0,57,13,3,27:43,0,233,0,46,0,"Sunday Sep 18, 1994",,16,2,1,3,1,0,147,32,17,1,176,6,7,26,0,85,15,6,32:17,5,232,1,45,29,TAM,Tampa Bay Buccaneers,Tampa Stadium,1:00pm,Away,NOR,New Orleans Saints
199409180chi,61073,28,2,2,3,1,1,252,32,25,1,252,4,42,36,3,212,11,5,34:08,0,464,2,22,0,"Sunday Sep 18, 1994",,19,0,0,1,1,1,244,35,27,1,261,4,14,14,1,60,8,3,25:52,3,304,2,20,17,CHI,Chicago Bears,Soldier Field,1:00pm,Away,MIN,Minnesota Vikings
199409180pit,54040,10,0,0,2,1,0,102,19,9,1,120,7,21,19,0,73,10,4,20:29,4,175,1,55,18,"Sunday Sep 18, 1994",,32,1,1,1,1,1,239,35,22,2,254,4,31,45,2,261,16,9,39:31,2,500,2,40,15,CLT,Indianapolis Colts,Three Rivers Stadium,1:00pm,Home,PIT,Pittsburgh Steelers
199409180nyg,77298,24,1,1,0,0,2,376,50,32,2,381,10,23,21,0,80,16,10,32:09,1,456,2,86,5,"Sunday Sep 18, 1994",,20,2,2,2,0,0,231,20,15,2,237,4,31,34,2,106,9,1,27:51,1,337,0,35,6,WAS,Washington Redskins,Giants Stadium,4:00pm,Home,NYG,New York Giants
199409180den,75764,20,0,0,1,1,0,322,34,21,4,338,10,48,30,1,102,14,6,33:47,2,424,1,118,16,"Sunday Sep 18, 1994",,21,4,0,2,2,1,223,50,25,0,252,10,16,17,2,69,13,3,26:13,4,292,3,76,29,DEN,Denver Broncos,Mile High Stadium,4:00pm,Away,RAI,Los Angeles Raiders
199409180sea,65536,18,1,1,1,1,1,251,30,19,1,262,14,24,33,1,95,17,10,32:52,2,346,2,105,11,"Sunday Sep 18, 1994",,23,3,2,1,1,1,128,36,20,0,163,3,10,24,1,59,13,5,27:08,6,187,2,35,35,SEA,Seattle Seahawks,Husky Stadium,4:00pm,Away,SDG,San Diego Chargers
199409180ram,56479,28,0,0,2,1,0,349,39,31,2,355,14,34,30,2,105,12,6,34:05,2,454,1,177,6,"Sunday Sep 18, 1994",,22,0,0,1,1,0,163,34,17,1,173,9,19,24,1,115,12,5,25:55,1,278,1,65,10,RAM,Los Angeles Rams,Anaheim Stadium,4:00pm,Away,SFO,San Francisco 49ers
199409180atl,67357,22,0,0,2,2,2,361,39,28,2,361,14,30,23,1,66,9,3,31:06,0,427,4,99,0,"Sunday Sep 18, 1994",,21,1,0,4,4,2,284,45,29,1,299,10,10,19,0,100,12,4,28:54,3,384,6,77,15,ATL,Atlanta Falcons,Georgia Dome,8:00pm,Away,KAN,Kansas City Chiefs
199409190dal,64102,22,1,1,0,0,0,173,27,13,2,174,7,20,47,0,206,16,7,37:46,1,379,0,37,1,"Monday Sep 19, 1994",,25,2,2,4,3,0,206,39,26,1,220,3,17,34,1,162,15,8,36:47,2,368,3,20,14,DAL,Dallas Cowboys,Texas Stadium,9:00pm,Away,DET,Detroit Lions
199409250min,64035,27,3,2,2,1,3,426,54,29,3,431,2,35,19,2,47,15,7,26:37,1,473,4,18,5,"Sunday Sep 25, 1994",,24,0,0,1,0,0,311,37,26,3,326,10,38,31,2,147,15,7,33:23,2,458,0,77,15,MIA,Miami Dolphins,Hubert H. Humphrey Metrodome,1:00pm,Home,MIN,Minnesota Vikings
199409250kan,78184,17,1,0,1,0,0,202,21,13,1,207,8,16,42,0,155,15,7,34:07,1,357,0,75,5,"Sunday Sep 25, 1994",,17,2,0,1,0,3,166,37,18,0,175,5,0,21,0,76,12,5,25:53,1,242,3,30,9,KAN,Kansas City Chiefs,Arrowhead Stadium,1:00pm,Away,RAM,Los Angeles Rams
199409250gnb,58551,15,3,1,2,2,1,177,30,12,0,197,2,3,16,0,54,8,1,21:28,5,231,3,20,20,"Sunday Sep 25, 1994",,24,2,1,0,0,0,306,39,30,3,306,4,30,34,0,95,13,6,38:32,0,401,0,22,0,TAM,Tampa Bay Buccaneers,Lambeau Field,1:00pm,Home,GNB,Green Bay Packers
199409250clt,55821,17,0,0,0,0,1,257,28,16,3,266,10,21,31,0,119,14,5,31:07,1,376,1,89,9,"Sunday Sep 25, 1994",,18,0,0,0,0,1,189,26,16,1,194,10,14,33,1,146,13,5,28:53,1,335,1,113,5,CLT,Indianapolis Colts,RCA Dome,1:00pm,Away,CLE,Cleveland Browns
199409250was,53238,19,1,0,3,0,1,238,35,22,2,270,6,27,28,1,71,15,3,35:30,6,309,1,40,32,"Sunday Sep 25, 1994",,18,1,0,1,1,4,310,45,27,1,323,7,20,14,2,44,8,1,24:30,1,354,5,88,13,WAS,Washington Redskins,Robert F. Kennedy Memorial Stadium,1:00pm,Away,ATL,Atlanta Falcons
199409250rai,55385,17,1,1,1,0,2,179,26,18,0,191,2,26,31,1,84,11,5,33:30,2,263,2,20,12,"Sunday Sep 25, 1994",,15,2,1,2,1,0,220,26,15,1,231,7,24,20,1,59,11,5,26:30,3,279,1,80,11,RAI,Los Angeles Raiders,Los Angeles Memorial Coliseum,4:00pm,Away,SDG,San Diego Chargers
199409250oti,44253,13,2,0,1,1,3,74,30,10,0,115,2,13,22,0,102,13,1,21:23,7,176,4,10,41,"Sunday Sep 25, 1994",,19,1,0,4,2,2,193,34,12,1,211,14,20,42,1,148,19,8,38:37,3,341,4,106,18,CIN,Cincinnati Bengals,Houston Astrodome,4:00pm,Home,OTI,Houston Oilers
199409250det,59618,21,3,2,1,0,0,245,33,21,1,251,8,23,37,1,108,15,4,34:48,1,353,0,56,6,"Sunday Sep 25, 1994",,15,1,0,1,0,2,183,29,14,0,189,9,17,22,2,159,11,4,25:12,1,342,2,55,6,DET,Detroit Lions,Pontiac Silverdome,4:00pm,Away,NWE,New England Patriots
199409250sfo,63971,17,3,2,0,0,2,291,55,31,1,291,5,13,19,0,49,19,6,32:26,0,340,2,34,0,"Sunday Sep 25, 1994",,18,0,0,0,0,2,224,39,25,2,247,4,24,19,0,74,13,5,27:34,5,298,2,33,23,NOR,New Orleans Saints,Candlestick Park,4:00pm,Home,SFO,San Francisco 49ers
199409250sea,59637,29,1,0,0,0,4,321,46,24,1,321,9,13,30,0,131,12,5,32:01,0,452,4,61,0,"Sunday Sep 25, 1994",,20,0,0,1,0,1,152,24,14,1,166,4,30,35,1,145,13,5,27:59,2,297,1,46,14,PIT,Pittsburgh Steelers,Husky Stadium,6:00pm,Home,SEA,Seattle Seahawks
199409250nyj,70806,17,1,1,0,0,0,122,24,14,0,143,3,19,40,2,104,17,7,36:25,4,226,0,25,21,"Sunday Sep 25, 1994",,17,1,0,5,2,1,161,32,16,0,180,4,7,18,1,164,10,3,23:35,4,325,3,28,19,NYJ,New York Jets,Giants Stadium,8:00pm,Away,CHI,Chicago Bears
199409260buf,75373,21,2,1,1,1,1,260,46,26,1,280,10,20,23,1,77,17,9,33:20,4,337,2,77,20,"Monday Sep 26, 1994",,19,0,0,1,0,1,166,26,16,0,178,8,27,35,3,149,12,5,26:40,2,315,1,51,12,DEN,Denver Broncos,Rich Stadium,9:00pm,Home,BUF,Buffalo Bills
199410020nwe,57522,20,1,1,2,0,2,264,47,25,1,294,8,16,27,1,100,17,6,33:33,4,364,2,70,30,"Sunday Oct 2, 1994",,21,0,0,1,1,1,312,53,29,2,334,3,17,17,0,48,15,5,26:27,2,360,2,15,22,GNB,Green Bay Packers,Foxboro Stadium,1:00pm,Home,NWE,New England Patriots
199410020clt,49876,17,2,0,0,0,1,174,38,20,1,186,8,15,25,0,102,16,7,27:28,3,276,1,60,12,"Sunday Oct 2, 1994",,14,4,2,1,1,0,168,27,15,0,181,8,17,34,2,119,16,6,32:32,2,287,1,57,13,SEA,Seattle Seahawks,RCA Dome,1:00pm,Home,CLT,Indianapolis Colts
199410020cle,76188,19,1,0,1,1,2,274,46,28,1,288,6,7,19,0,72,14,4,31:49,2,346,3,56,14,"Sunday Oct 2, 1994",,18,1,0,1,0,0,246,36,21,0,257,4,27,26,3,117,13,2,28:11,1,363,0,25,11,NYJ,New York Jets,Cleveland Municipal Stadium,1:00pm,Home,CLE,Cleveland Browns
199410020was,55394,26,0,0,1,0,1,181,28,20,1,181,9,34,46,3,142,13,7,40:01,0,323,1,95,0,"Sunday Oct 2, 1994",,12,0,0,4,3,1,82,30,11,1,96,8,7,18,0,28,10,3,19:59,2,110,4,85,14,WAS,Washington Redskins,Robert F. Kennedy Memorial Stadium,1:00pm,Away,DAL,Dallas Cowboys
199410020tam,38012,17,1,1,1,1,0,125,30,13,0,130,12,14,24,2,196,12,5,25:04,1,321,1,66,5,"Sunday Oct 2, 1994",,16,0,0,1,0,0,115,20,10,1,122,11,24,38,1,119,14,7,34:56,1,234,0,75,7,DET,Detroit Lions,Tampa Stadium,1:00pm,Home,TAM,Tampa Bay Buccaneers
199410020sfo,64771,26,0,0,0,0,0,246,29,20,2,246,10,40,41,3,191,15,11,39:16,0,437,0,75,0,"Sunday Oct 2, 1994",,11,3,2,2,1,2,129,31,15,0,151,4,8,18,1,60,12,4,20:44,3,189,3,41,22,SFO,San Francisco 49ers,Candlestick Park,4:00pm,Away,PHI,Philadelphia Eagles
199410020ram,34599,23,0,0,2,0,1,285,39,26,1,312,7,8,22,0,81,13,8,28:58,5,366,1,42,27,"Sunday Oct 2, 1994",,16,0,0,1,0,2,120,25,13,0,128,6,5,32,0,126,14,7,31:02,1,246,2,41,8,RAM,Los Angeles Rams,Anaheim Stadium,4:00pm,Away,ATL,Atlanta Falcons
199410020nor,55076,11,2,2,2,0,2,152,35,20,2,180,4,22,21,0,50,17,3,29:16,7,202,2,30,28,"Sunday Oct 2, 1994",,15,0,0,2,2,1,247,30,20,1,249,5,27,28,1,67,14,5,30:44,1,314,3,49,2,NYG,New York Giants,Louisiana Superdome,4:00pm,Home,NOR,New Orleans Saints
199410020crd,67950,19,1,0,3,2,2,340,47,29,1,355,8,7,13,0,18,9,3,27:21,1,358,4,60,15,"Sunday Oct 2, 1994",,21,0,0,1,1,1,200,36,20,1,221,11,17,30,1,109,14,7,32:39,2,309,2,79,21,MIN,Minnesota Vikings,Sun Devil Stadium,4:00pm,Home,CRD,Arizona Cardinals
199410020chi,62406,13,0,0,1,1,2,99,33,19,1,116,10,13,22,0,105,15,5,20:35,2,204,3,60,17,"Sunday Oct 2, 1994",,17,3,2,0,0,1,150,28,19,1,160,3,20,42,1,111,17,6,39:25,2,261,1,30,10,BUF,Buffalo Bills,Soldier Field,4:00pm,Home,CHI,Chicago Bears
199410020cin,55056,21,0,0,0,0,0,204,35,26,2,204,7,23,37,0,141,15,7,38:37,0,345,0,70,0,"Sunday Oct 2, 1994",,14,0,0,2,2,3,184,30,16,1,188,5,7,17,0,62,8,2,21:23,1,246,5,28,4,CIN,Cincinnati Bengals,Riverfront Stadium,8:00pm,Away,MIA,Miami Dolphins
199410030pit,57274,14,0,0,5,2,0,221,32,17,2,248,5,14,19,0,69,12,3,24:28,6,290,2,48,27,"Monday Oct 3, 1994",,21,0,0,0,0,0,164,18,10,1,167,6,30,44,2,215,15,6,35:32,1,379,0,45,3,OTI,Houston Oilers,Three Rivers Stadium,9:00pm,Home,PIT,Pittsburgh Steelers
199410090nyj,64934,10,0,0,5,4,0,90,21,12,0,95,4,6,29,0,141,11,3,25:51,1,231,4,25,5,"Sunday Oct 9, 1994",,14,2,0,0,0,1,100,29,13,1,108,7,16,41,0,150,18,7,34:09,1,250,1,45,8,CLT,Indianapolis Colts,Giants Stadium,1:00pm,Home,NYJ,New York Jets
199410090gnb,58911,13,0,0,4,1,1,147,29,18,2,166,5,17,24,0,64,12,1,27:29,3,211,2,35,19,"Sunday Oct 9, 1994",,21,1,1,2,1,1,208,41,25,1,222,4,24,29,1,84,15,6,32:31,2,292,2,64,14,RAM,Los Angeles Rams,Lambeau Field,1:00pm,Home,GNB,Green Bay Packers
199410090det,77340,20,0,0,1,0,0,143,26,19,1,152,10,27,32,3,90,13,9,31:25,2,233,0,70,9,"Sunday Oct 9, 1994",,21,0,0,4,1,1,242,27,18,2,246,12,21,25,1,98,9,4,28:35,2,340,2,101,4,DET,Detroit Lions,Pontiac Silverdome,1:00pm,Away,SFO,San Francisco 49ers
199410090chi,63822,17,4,1,1,1,1,209,40,22,1,209,1,7,25,0,107,15,6,29:03,0,316,2,10,0,"Sunday Oct 9, 1994",,16,2,1,1,1,0,174,26,16,1,174,6,17,32,1,131,13,5,30:57,0,305,1,45,0,NOR,New Orleans Saints,Soldier Field,1:00pm,Home,CHI,Chicago Bears
199410090buf,79491,19,1,0,1,1,0,212,43,20,1,212,12,11,19,0,114,13,4,23:17,0,326,1,94,0,"Sunday Oct 9, 1994",,25,1,0,2,1,1,130,22,13,0,130,6,21,48,3,214,11,5,36:43,0,344,2,40,0,MIA,Miami Dolphins,Rich Stadium,1:00pm,Home,BUF,Buffalo Bills
199410090atl,52633,19,2,0,2,0,3,288,47,30,1,311,4,13,16,0,32,13,5,32:06,5,320,3,52,23,"Sunday Oct 9, 1994",,20,1,0,2,1,2,271,36,24,2,275,5,34,23,2,85,10,2,27:54,2,356,3,45,4,TAM,Tampa Bay Buccaneers,Georgia Dome,1:00pm,Home,ATL,Atlanta Falcons
199410090nwe,59889,14,1,0,1,1,3,242,31,17,1,250,11,21,27,1,86,10,2,25:42,1,328,4,70,8,"Sunday Oct 9, 1994",,25,2,1,3,1,3,305,55,23,2,321,7,17,29,0,54,21,9,34:18,3,359,4,63,16,NWE,New England Patriots,Foxboro Stadium,4:00pm,Away,RAI,Los Angeles Raiders
199410090dal,64518,10,1,0,0,0,5,168,35,16,0,169,10,3,18,0,53,12,2,24:45,1,221,5,91,1,"Sunday Oct 9, 1994",,22,0,0,2,0,0,273,28,19,2,273,5,38,36,2,78,12,4,35:15,0,351,0,35,0,CRD,Arizona Cardinals,Texas Stadium,4:00pm,Home,DAL,Dallas Cowboys
199410090sea,63872,19,1,0,3,0,0,128,29,15,0,146,3,16,44,1,150,17,6,34:10,2,278,0,35,18,"Sunday Oct 9, 1994",,16,0,0,3,3,2,244,39,19,0,244,8,9,20,0,94,14,6,25:50,0,338,5,46,0,SEA,Seattle Seahawks,Husky Stadium,4:00pm,Away,DEN,Denver Broncos
199410090sdg,62923,20,3,1,1,1,1,297,55,37,0,310,8,6,18,0,64,15,5,30:35,2,361,2,49,13,"Sunday Oct 9, 1994",,18,1,1,1,1,0,171,25,16,1,171,1,20,30,1,151,10,2,29:25,0,322,1,5,0,KAN,Kansas City Chiefs,Jack Murphy Stadium,4:00pm,Home,SDG,San Diego Chargers
199410090phi,63947,12,0,0,2,1,1,171,27,10,2,186,3,17,16,0,55,10,1,16:49,2,226,2,20,15,"Sunday Oct 9, 1994",,26,1,0,1,0,2,238,39,22,1,261,8,21,44,2,193,21,14,43:11,3,431,2,97,23,WAS,Washington Redskins,Veterans Stadium,8:00pm,Home,PHI,Philadelphia Eagles
199410100nyg,77294,25,1,0,3,1,1,292,34,23,1,299,8,27,36,1,103,13,7,35:30,1,395,2,50,7,"Monday Oct 10, 1994",,16,1,0,0,0,3,203,36,19,0,226,4,10,18,1,37,14,5,24:30,4,240,3,36,23,NYG,New York Giants,Giants Stadium,9:00pm,Away,MIN,Minnesota Vikings
199410130oti,50364,12,0,0,0,0,2,196,25,15,1,196,6,11,24,0,64,11,3,27:36,0,260,2,50,0,"Thursday Oct 13, 1994",,20,0,0,1,1,1,199,40,22,1,229,11,8,24,0,106,17,8,32:24,5,305,2,75,30,OTI,Houston Oilers,Houston Astrodome,8:00pm,Away,CLE,Cleveland Browns
199410160pit,55353,11,4,3,1,1,1,135,31,17,1,150,5,10,33,0,106,16,3,28:28,2,241,2,39,15,"Sunday Oct 16, 1994",,16,0,0,5,1,0,129,22,15,2,190,9,14,30,0,114,13,4,31:32,8,243,1,65,61,CIN,Cincinnati Bengals,Three Rivers Stadium,1:00pm,Home,PIT,Pittsburgh Steelers
199410160nyj,71123,19,7,3,3,3,1,220,41,22,1,242,1,17,30,1,104,16,6,27:22,3,324,4,5,22,"Sunday Oct 16, 1994",,17,0,0,4,2,0,70,17,12,1,107,10,24,37,2,172,13,4,32:38,6,242,2,65,37,NWE,New England Patriots,Giants Stadium,1:00pm,Home,NYJ,New York Jets
199410160mia,69380,12,0,0,1,1,0,86,27,9,1,103,6,17,29,0,124,15,4,28:36,4,210,1,49,17,"Sunday Oct 16, 1994",,19,2,1,3,2,1,175,37,17,2,186,3,20,38,0,169,16,7,37:10,2,344,3,20,11,RAI,Los Angeles Raiders,Joe Robbie Stadium,1:00pm,Home,MIA,Miami Dolphins
199410160buf,79404,20,2,2,0,0,0,231,24,20,3,231,4,27,37,0,94,13,7,35:08,0,325,0,30,0,"Sunday Oct 16, 1994",,22,1,0,3,2,0,250,34,25,1,286,3,17,22,1,79,14,9,24:52,4,329,2,15,36,BUF,Buffalo Bills,Rich Stadium,1:00pm,Away,CLT,Indianapolis Colts
199410160atl,67298,16,5,3,0,0,0,180,19,16,4,185,8,42,35,0,101,13,6,29:00,1,281,0,65,5,"Sunday Oct 16, 1994",,17,2,1,3,2,4,192,37,25,0,232,6,3,18,0,62,11,3,31:00,6,254,6,47,40,ATL,Atlanta Falcons,Georgia Dome,1:00pm,Away,SFO,San Francisco 49ers
199410160was,50019,19,2,0,2,0,3,173,34,16,1,194,9,19,48,1,151,21,7,41:10,3,324,3,70,21,"Sunday Oct 16, 1994",,11,0,0,0,0,5,149,32,11,1,158,7,16,29,0,85,12,1,28:54,1,234,5,61,9,WAS,Washington Redskins,Robert F. Kennedy Memorial Stadium,1:00pm,Away,CRD,Arizona Cardinals
199410160ram,40747,14,1,0,0,0,2,161,27,15,0,165,7,10,31,1,121,12,4,29:18,1,282,2,60,4,"Sunday Oct 16, 1994",,17,0,0,0,0,1,169,26,13,2,197,4,17,36,0,105,14,6,30:42,3,274,1,35,28,NYG,New York Giants,Anaheim Stadium,4:00pm,Home,RAM,Los Angeles Rams
199410160nor,50565,25,0,0,0,0,0,180,29,17,0,186,8,36,40,3,198,14,7,34:06,1,378,0,88,6,"Sunday Oct 16, 1994",,24,1,0,2,2,0,180,35,24,2,210,4,22,18,1,104,7,1,25:54,3,284,2,77,30,NOR,New Orleans Saints,Louisiana Superdome,4:00pm,Away,SDG,San Diego Chargers
199410160dal,64703,18,0,0,1,1,4,170,34,17,1,198,12,13,24,1,124,14,7,28:00,4,294,5,78,28,"Sunday Oct 16, 1994",,19,0,0,1,0,1,153,23,12,2,156,7,24,35,1,113,13,6,32:00,2,266,1,96,3,PHI,Philadelphia Eagles,Texas Stadium,4:00pm,Home,DAL,Dallas Cowboys
199410170den,75151,26,1,0,1,1,1,393,54,34,3,393,14,31,24,1,90,17,9,32:04,0,483,2,101,0,"Monday Oct 17, 1994",,21,0,0,5,3,0,233,29,18,2,263,10,28,27,2,97,13,6,27:56,6,330,3,66,30,DEN,Denver Broncos,Mile High Stadium,9:00pm,Away,KAN,Kansas City Chiefs
199410200min,63041,12,0,0,4,1,1,87,34,17,0,111,5,10,26,1,71,16,4,29:48,3,158,2,49,24,"Thursday Oct 20, 1994",,16,1,0,1,0,2,230,50,31,0,271,7,13,19,0,22,16,4,34:38,4,252,2,61,41,GNB,Green Bay Packers,Hubert H. Humphrey Metrodome,8:00pm,Home,MIN,Minnesota Vikings
199410230nyg,71819,16,0,0,4,3,1,121,29,16,0,138,7,10,36,1,175,14,5,31:51,2,296,4,42,17,"Sunday Oct 23, 1994",,8,0,0,5,1,2,162,25,13,0,206,3,6,24,0,53,14,1,28:09,5,215,3,27,44,NYG,New York Giants,Giants Stadium,1:00pm,Away,PIT,Pittsburgh Steelers
199410230nor,47908,13,1,1,1,0,3,157,28,14,1,162,9,34,21,1,85,10,3,23:40,1,242,3,84,5,"Sunday Oct 23, 1994",,18,0,0,2,1,0,196,26,17,1,206,5,37,38,1,118,16,9,36:20,1,314,1,45,10,RAM,Los Angeles Rams,Louisiana Superdome,1:00pm,Home,NOR,New Orleans Saints
199410230kan,78847,16,3,2,2,2,0,96,30,15,2,126,4,23,29,1,167,15,6,25:08,3,263,2,35,30,"Sunday Oct 23, 1994",,24,2,1,1,0,0,305,33,23,3,311,6,38,37,1,172,13,5,34:52,1,477,0,40,6,SEA,Seattle Seahawks,Arrowhead Stadium,1:00pm,Home,KAN,Kansas City Chiefs
199410230det,73574,22,1,0,3,1,3,285,48,29,2,309,10,16,28,0,117,15,5,36:36,3,402,4,74,24,"Sunday Oct 23, 1994",,8,1,0,4,2,1,49,17,6,1,59,7,21,31,0,183,12,3,23:24,1,232,3,61,10,CHI,Chicago Bears,Pontiac Silverdome,1:00pm,Home,DET,Detroit Lions
199410230clt,57879,20,1,1,1,0,0,226,32,17,2,226,6,41,33,2,100,16,9,29:08,0,326,0,50,0,"Sunday Oct 23, 1994",,20,2,2,1,0,3,272,30,18,3,295,8,27,30,0,109,12,3,30:52,4,381,3,68,23,CLT,Indianapolis Colts,RCA Dome,1:00pm,Away,WAS,Washington Redskins
199410230cle,77588,15,4,1,2,1,0,146,37,18,1,200,5,13,30,0,75,16,1,34:19,4,221,1,30,54,"Sunday Oct 23, 1994",,13,1,1,0,0,1,120,29,11,1,134,3,37,24,1,120,11,1,25:41,2,240,1,46,14,CIN,Cincinnati Bengals,Cleveland Municipal Stadium,1:00pm,Home,CLE,Cleveland Browns
199410230rai,42192,15,2,2,1,0,2,185,30,16,1,218,8,17,21,1,70,12,4,27:28,4,255,2,70,33,"Sunday Oct 23, 1994",,21,0,0,1,1,0,197,30,21,2,204,7,30,31,1,116,13,8,32:32,2,313,1,31,7,ATL,Atlanta Falcons,Los Angeles Memorial Coliseum,4:00pm,Home,RAI,Los Angeles Raiders
199410230crd,71023,14,0,0,1,0,0,237,24,15,3,237,6,28,26,1,75,11,5,22:51,0,312,0,56,0,"Sunday Oct 23, 1994",,22,1,0,1,0,0,208,31,18,1,213,6,21,37,2,107,18,9,37:09,1,315,0,42,5,CRD,Arizona Cardinals,Sun Devil Stadium,4:00pm,Away,DAL,Dallas Cowboys
199410230sfo,62741,17,2,1,0,0,1,125,31,13,1,133,9,16,25,1,110,12,3,24:51,1,235,1,111,8,"Sunday Oct 23, 1994",,28,0,0,3,1,0,270,29,23,2,283,10,41,35,3,181,10,6,35:09,2,451,1,78,13,TAM,Tampa Bay Buccaneers,Candlestick Park,4:00pm,Home,SFO,San Francisco 49ers
199410230sdg,61626,16,2,1,2,2,1,225,31,22,1,241,7,20,36,1,69,15,4,34:09,3,294,3,70,16,"Sunday Oct 23, 1994",,18,1,0,1,0,3,155,39,19,0,162,9,15,25,0,166,13,2,25:51,1,321,3,81,7,SDG,San Diego Chargers,Jack Murphy Stadium,4:00pm,Away,DEN,Denver Broncos
199410240phi,65233,15,1,0,4,3,1,214,33,16,0,231,1,6,29,0,68,14,6,31:06,3,282,4,5,17,"Monday Oct 24, 1994",,14,1,0,2,1,1,287,24,13,2,310,9,21,30,1,85,16,8,28:54,4,372,2,65,23,OTI,Houston Oilers,Veterans Stadium,9:00pm,Home,PHI,Philadelphia Eagles
199410300nyg,75124,24,0,0,1,0,3,180,30,16,2,180,6,28,29,0,149,9,6,28:26,0,329,3,44,0,"Sunday Oct 30, 1994",,23,1,1,3,0,1,149,25,19,1,159,14,25,45,1,195,17,10,38:17,1,344,1,120,10,NYG,New York Giants,Giants Stadium,1:00pm,Away,DET,Detroit Lions
199410300cin,57096,20,1,1,1,1,1,272,33,20,2,272,8,23,32,0,96,12,1,34:55,0,368,2,51,0,"Sunday Oct 30, 1994",,13,0,0,1,1,0,243,32,14,2,247,8,20,23,0,77,14,6,25:05,1,320,1,60,4,CIN,Cincinnati Bengals,Riverfront Stadium,1:00pm,Away,DAL,Dallas Cowboys
199410300buf,79501,16,1,0,3,3,2,179,35,18,0,202,10,10,27,1,87,13,4,30:17,4,266,5,75,23,"Sunday Oct 30, 1994",,17,1,0,1,0,0,180,22,14,4,184,3,44,39,1,177,14,5,29:43,1,357,0,20,4,KAN,Kansas City Chiefs,Rich Stadium,1:00pm,Home,BUF,Buffalo Bills
199410300was,53530,19,0,0,0,0,0,165,31,18,1,173,5,31,32,2,131,15,7,29:42,1,296,0,54,8,"Sunday Oct 30, 1994",,20,0,0,1,1,2,181,30,13,3,189,4,29,32,0,168,12,6,30:18,1,349,3,15,8,WAS,Washington Redskins,Robert F. Kennedy Memorial Stadium,1:00pm,Away,PHI,Philadelphia Eagles
199410300sdg,59001,14,2,1,3,2,0,171,30,15,0,177,10,15,24,1,112,14,4,25:59,3,283,2,80,6,"Sunday Oct 30, 1994",,25,0,0,0,0,1,187,31,18,2,211,3,35,41,2,161,15,6,34:01,2,348,1,18,24,SEA,Seattle Seahawks,Jack Murphy Stadium,4:00pm,Home,SDG,San Diego Chargers
199410300rai,40473,21,2,2,3,3,0,203,43,19,1,226,7,14,25,1,99,16,7,27:55,3,302,3,45,23,"Sunday Oct 30, 1994",,16,0,0,4,2,2,144,30,15,1,151,10,17,33,1,134,16,7,32:05,1,278,4,65,7,OTI,Houston Oilers,Los Angeles Memorial Coliseum,4:00pm,Home,RAI,Los Angeles Raiders
199410300nwe,59167,20,1,0,1,0,2,198,36,21,1,198,7,23,34,1,140,15,5,35:38,0,338,2,56,0,"Sunday Oct 30, 1994",,11,4,1,2,0,3,142,41,21,0,153,4,3,20,0,46,13,2,24:22,2,188,3,30,11,NWE,New England Patriots,Foxboro Stadium,4:00pm,Away,MIA,Miami Dolphins
199410300den,73190,17,1,0,2,1,0,276,45,23,1,284,8,14,17,0,41,14,6,21:53,1,317,1,59,8,"Sunday Oct 30, 1994",,29,0,0,2,2,0,343,41,30,2,349,9,26,37,1,114,15,8,38:07,1,457,2,66,6,CLE,Cleveland Browns,Mile High Stadium,4:00pm,Home,DEN,Denver Broncos
199410300clt,44350,14,3,2,0,0,1,199,41,22,2,201,12,25,21,0,57,14,4,25:48,1,256,1,73,2,"Sunday Oct 30, 1994",,22,2,2,5,3,2,151,22,14,1,159,0,28,39,3,179,13,6,34:12,1,330,5,0,8,NYJ,New York Jets,RCA Dome,4:00pm,Home,CLT,Indianapolis Colts
199410300tam,42110,19,0,0,1,1,1,212,38,24,1,212,5,36,32,1,149,16,7,37:12,0,361,2,30,0,"Sunday Oct 30, 1994",,14,2,1,4,2,3,185,31,17,2,204,4,13,14,0,49,8,2,22:48,3,234,5,35,19,TAM,Tampa Bay Buccaneers,Tampa Stadium,4:00pm,Away,MIN,Minnesota Vikings
199410300crd,73400,12,1,0,2,2,1,232,31,18,1,260,7,17,20,1,85,11,3,25:11,4,317,3,36,28,"Sunday Oct 30, 1994",,16,1,1,1,1,0,236,27,13,0,251,4,20,37,2,99,14,3,36:29,2,335,1,45,15,PIT,Pittsburgh Steelers,Sun Devil Stadium,8:00pm,Home,CRD,Arizona Cardinals
199410310chi,47381,17,1,1,1,0,0,82,15,6,1,82,3,33,45,4,223,14,5,31:18,0,305,0,15,0,"Monday Oct 31, 1994",,12,3,2,4,2,3,159,35,21,1,174,3,6,28,0,94,15,4,28:42,2,253,5,10,15,CHI,Chicago Bears,Soldier Field,9:00pm,Away,GNB,Green Bay Packers
199411060oti,47822,17,0,0,1,0,0,155,29,17,0,184,9,12,34,0,111,15,1,36:55,4,266,0,99,29,"Sunday Nov 6, 1994",,17,1,1,4,1,0,160,48,22,0,205,11,9,25,0,84,18,3,34:29,6,244,1,103,45,OTI,Houston Oilers,Houston Astrodome,1:00pm,Away,PIT,Pittsburgh Steelers
199411060min,57564,17,0,0,1,0,1,241,36,24,2,256,3,20,21,0,72,14,4,28:33,2,313,1,15,15,"Sunday Nov 6, 1994",,28,1,1,3,2,1,410,57,33,3,420,11,21,20,0,84,16,8,31:27,3,494,3,90,10,NOR,New Orleans Saints,Hubert H. Humphrey Metrodome,1:00pm,Home,MIN,Minnesota Vikings
199411060mia,67863,17,1,0,1,0,1,108,21,11,0,111,3,21,24,2,105,9,2,22:29,2,213,1,50,3,"Sunday Nov 6, 1994",,25,2,2,2,0,2,254,41,30,1,261,3,22,32,1,118,14,8,37:31,1,372,2,16,7,CLT,Indianapolis Colts,Joe Robbie Stadium,1:00pm,Home,MIA,Miami Dolphins
199411060gnb,54995,20,2,1,6,3,2,317,48,28,3,338,8,30,19,0,49,16,8,29:22,3,366,5,50,21,"Sunday Nov 6, 1994",,21,1,0,3,1,1,230,36,24,3,237,5,38,28,1,117,11,5,30:38,1,347,2,26,7,DET,Detroit Lions,Milwaukee County Stadium,1:00pm,Home,GNB,Green Bay Packers
199411060was,54335,17,0,0,1,1,1,304,28,18,1,307,7,37,28,2,117,12,6,27:35,2,421,2,60,3,"Sunday Nov 6, 1994",,20,0,0,3,1,2,206,44,23,1,224,5,22,26,0,76,16,5,32:25,3,282,3,25,18,WAS,Washington Redskins,Robert F. Kennedy Memorial Stadium,1:00pm,Away,SFO,San Francisco 49ers
199411060tam,60821,23,1,0,0,0,1,205,32,19,2,205,1,20,45,0,178,17,7,39:28,0,383,1,15,0,"Sunday Nov 6, 1994",,9,0,0,1,0,1,150,28,14,0,164,4,6,14,0,38,11,2,20:32,2,188,1,40,14,TAM,Tampa Bay Buccaneers,Tampa Stadium,1:00pm,Away,CHI,Chicago Bears
199411060atl,59217,20,2,1,1,0,0,179,38,22,0,207,6,9,29,0,117,15,3,34:17,4,296,0,60,28,"Sunday Nov 6, 1994",,11,0,0,3,0,2,176,31,19,1,180,13,10,17,0,43,12,4,25:43,1,219,2,95,4,SDG,San Diego Chargers,Georgia Dome,1:00pm,Home,ATL,Atlanta Falcons
199411060phi,64952,21,0,0,4,2,0,181,30,19,1,219,12,7,24,0,73,10,2,30:26,5,254,2,82,38,"Sunday Nov 6, 1994",,18,0,0,2,1,0,172,24,15,2,201,10,17,31,0,150,13,5,29:34,3,322,1,79,29,CRD,Arizona Cardinals,Veterans Stadium,4:00pm,Home,PHI,Philadelphia Eagles
199411060nyj,66949,18,1,0,2,1,1,187,31,19,1,201,5,17,26,1,95,13,6,26:34,3,282,2,39,14,"Sunday Nov 6, 1994",,17,2,2,0,0,1,174,26,17,2,181,5,22,35,0,94,14,6,33:26,1,268,1,30,7,BUF,Buffalo Bills,Giants Stadium,4:00pm,Home,NYJ,New York Jets
199411060cle,73878,20,2,1,2,0,4,159,43,20,0,166,5,6,36,0,118,18,7,34:10,2,277,4,52,7,"Sunday Nov 6, 1994",,16,1,0,1,1,1,160,28,14,1,164,7,13,32,0,148,12,4,25:50,1,308,2,43,4,NWE,New England Patriots,Cleveland Municipal Stadium,4:00pm,Home,CLE,Cleveland Browns
199411060sea,46630,23,1,1,3,1,1,377,43,31,0,387,12,20,34,0,119,16,4,39:48,2,496,2,74,10,"Sunday Nov 6, 1994",,21,0,0,1,1,0,170,32,13,0,181,2,17,29,2,148,15,6,28:26,3,318,1,25,11,SEA,Seattle Seahawks,Seattle Kingdome,4:00pm,Away,CIN,Cincinnati Bengals
199411060ram,48103,24,1,0,0,0,0,236,45,24,2,241,10,21,14,0,48,11,4,21:42,1,284,0,93,5,"Sunday Nov 6, 1994",,23,0,0,2,1,1,244,29,22,2,244,7,27,38,1,141,14,8,38:18,0,385,2,40,0,DEN,Denver Broncos,Anaheim Stadium,4:00pm,Home,RAM,Los Angeles Rams
199411060kan,78709,15,0,0,2,1,2,148,33,17,0,172,15,3,25,0,100,15,5,29:41,5,248,3,115,24,"Sunday Nov 6, 1994",,11,1,1,0,0,0,159,28,17,1,173,6,13,31,0,93,17,4,30:19,2,252,0,40,14,RAI,Los Angeles Raiders,Arrowhead Stadium,8:00pm,Home,KAN,Kansas City Chiefs
199411070dal,64836,11,1,0,2,2,1,133,31,13,1,154,3,10,22,0,55,13,5,23:40,4,188,3,19,21,"Monday Nov 7, 1994",,27,1,1,2,2,0,241,25,19,1,241,6,38,45,4,209,12,7,36:20,0,450,2,40,0,NYG,New York Giants,Texas Stadium,9:00pm,Home,DAL,Dallas Cowboys
199411130nyg,71719,18,3,1,1,0,1,173,33,17,1,180,9,10,28,0,66,14,5,29:24,2,239,1,46,7,"Sunday Nov 13, 1994",,17,1,0,3,0,1,81,26,9,1,92,7,9,33,0,150,12,4,30:36,1,231,1,76,11,NYG,New York Giants,Giants Stadium,1:00pm,Away,CRD,Arizona Cardinals
199411130nwe,58382,22,0,0,1,1,0,339,42,26,1,349,7,20,31,1,101,17,8,37:42,1,440,1,55,10,"Sunday Nov 13, 1994",,27,1,1,0,0,0,426,70,45,3,426,5,26,12,0,42,16,5,26:28,0,468,0,29,0,MIN,Minnesota Vikings,Foxboro Stadium,1:00pm,Home,NWE,New England Patriots
199411130nor,60313,21,1,1,2,0,1,317,49,29,1,328,6,32,16,0,72,11,1,28:29,1,389,1,71,11,"Sunday Nov 13, 1994",,30,0,0,2,2,3,276,36,28,2,276,3,33,26,2,153,8,6,31:31,0,429,5,15,0,ATL,Atlanta Falcons,Louisiana Superdome,1:00pm,Home,NOR,New Orleans Saints
199411130mia,65006,18,1,1,2,2,0,211,28,19,1,211,3,17,30,1,62,11,4,30:18,0,273,2,15,0,"Sunday Nov 13, 1994",,18,1,0,2,1,1,275,38,24,1,289,10,14,20,0,69,11,4,29:42,2,344,2,59,14,MIA,Miami Dolphins,Joe Robbie Stadium,1:00pm,Away,CHI,Chicago Bears
199411130kan,76997,13,0,0,5,3,1,187,36,21,2,206,5,14,26,0,48,17,5,29:36,2,235,4,55,19,"Sunday Nov 13, 1994",,15,3,3,1,0,2,165,46,20,0,178,3,13,27,1,84,20,4,30:24,2,249,2,30,13,KAN,Kansas City Chiefs,Arrowhead Stadium,1:00pm,Away,SDG,San Diego Chargers
199411130cin,54908,24,0,0,0,0,0,129,34,20,2,152,2,31,31,2,155,13,6,36:34,4,284,0,36,23,"Sunday Nov 13, 1994",,17,0,0,2,2,0,348,33,23,4,354,8,34,19,0,39,10,5,23:26,1,387,2,45,6,OTI,Houston Oilers,Riverfront Stadium,1:00pm,Home,CIN,Cincinnati Bengals
199411130phi,65233,18,0,0,1,0,1,158,30,12,1,158,7,26,40,1,140,16,5,32:24,0,298,1,97,0,"Sunday Nov 13, 1994",,15,2,0,4,1,1,176,38,22,0,196,9,7,21,1,112,14,3,27:36,3,288,2,84,20,PHI,Philadelphia Eagles,Veterans Stadium,1:00pm,Away,CLE,Cleveland Browns
199411130gnb,58307,16,3,1,2,0,1,199,43,24,1,214,5,10,23,0,116,16,5,32:48,2,315,1,65,15,"Sunday Nov 13, 1994",,14,0,0,2,1,0,172,28,20,2,183,6,17,23,0,62,13,4,27:12,1,234,1,52,11,NYJ,New York Jets,Lambeau Field,4:00pm,Home,GNB,Green Bay Packers
199411130den,71290,14,3,1,2,1,0,131,30,10,0,133,12,10,28,1,158,11,1,27:06,2,289,1,79,2,"Sunday Nov 13, 1994",,21,1,0,1,0,2,128,33,17,0,146,1,17,38,2,169,16,6,32:54,2,297,2,23,18,SEA,Seattle Seahawks,Mile High Stadium,4:00pm,Home,DEN,Denver Broncos
199411130sfo,69014,19,1,1,0,0,3,321,42,23,0,339,7,14,29,2,87,18,8,31:57,3,408,3,48,18,"Sunday Nov 13, 1994",,19,0,0,0,0,0,161,21,12,2,183,5,21,32,1,147,10,2,28:03,3,308,0,35,22,DAL,Dallas Cowboys,Candlestick Park,4:00pm,Home,SFO,San Francisco 49ers
199411130ram,65208,18,1,0,1,0,1,208,26,17,2,218,13,20,36,0,95,16,8,34:52,3,303,1,108,10,"Sunday Nov 13, 1994",,20,0,0,0,0,1,268,37,23,2,302,8,17,11,0,22,12,6,25:08,4,290,1,66,34,RAM,Los Angeles Rams,Anaheim Stadium,4:00pm,Away,RAI,Los Angeles Raiders
199411130det,50814,18,1,0,2,0,0,218,23,16,0,243,6,9,32,0,125,13,6,34:53,3,343,0,33,25,"Sunday Nov 13, 1994",,16,0,0,2,0,0,99,13,5,1,99,8,14,33,1,243,10,4,25:07,0,342,0,64,0,TAM,Tampa Bay Buccaneers,Pontiac Silverdome,8:00pm,Home,DET,Detroit Lions
199411140pit,59019,24,4,2,1,1,2,198,53,27,1,258,8,10,31,0,128,19,6,32:57,7,326,3,55,60,"Monday Nov 14, 1994",,10,0,0,0,0,1,140,27,14,0,148,7,23,26,0,86,12,1,27:03,1,226,1,64,8,BUF,Buffalo Bills,Three Rivers Stadium,9:00pm,Home,PIT,Pittsburgh Steelers
199411200nwe,59690,18,2,1,2,0,3,169,37,20,1,219,6,17,19,0,72,12,3,24:27,5,241,3,45,50,"Sunday Nov 20, 1994",,21,1,0,1,0,2,217,36,21,1,224,2,23,36,1,101,17,9,35:33,1,318,2,20,7,SDG,San Diego Chargers,Foxboro Stadium,1:00pm,Home,NWE,New England Patriots
199411200kan,69121,15,1,1,4,3,1,145,37,14,2,152,15,13,27,0,94,14,2,25:17,1,239,4,142,7,"Sunday Nov 20, 1994",,23,0,0,3,1,0,153,33,19,1,169,9,20,37,1,134,16,5,34:43,2,287,1,72,16,CLE,Cleveland Browns,Arrowhead Stadium,1:00pm,Home,KAN,Kansas City Chiefs
199411200dal,64644,20,3,0,1,1,4,229,51,22,1,243,6,7,27,0,84,18,7,29:25,2,313,5,52,14,"Sunday Nov 20, 1994",,15,0,0,1,1,0,111,23,11,1,111,8,31,38,2,130,13,2,30:35,0,241,1,61,0,WAS,Washington Redskins,Texas Stadium,1:00pm,Home,DAL,Dallas Cowboys
199411200cin,55556,15,0,0,2,0,0,165,24,14,1,165,4,17,32,1,72,14,7,29:03,0,237,0,25,0,"Sunday Nov 20, 1994",,16,0,0,3,1,1,250,38,22,1,260,5,13,25,0,103,16,8,30:57,1,353,2,33,10,CIN,Cincinnati Bengals,Riverfront Stadium,1:00pm,Away,CLT,Indianapolis Colts
199411200chi,55035,11,1,0,0,0,0,128,21,11,1,148,4,10,12,0,52,9,2,15:48,3,180,0,24,20,"Sunday Nov 20, 1994",,23,1,1,0,0,1,177,31,25,1,185,8,20,43,1,161,18,13,44:12,2,338,1,79,8,DET,Detroit Lions,Soldier Field,1:00pm,Home,CHI,Chicago Bears
199411200buf,79029,18,0,0,0,0,1,205,40,22,3,214,3,20,12,0,61,11,5,21:37,1,266,1,17,9,"Sunday Nov 20, 1994",,27,1,1,0,0,1,347,44,32,2,365,6,29,40,1,108,17,10,38:23,2,455,1,35,18,GNB,Green Bay Packers,Rich Stadium,1:00pm,Home,BUF,Buffalo Bills
199411200pit,59148,20,0,0,3,1,1,283,45,31,1,312,5,13,19,0,40,15,8,32:46,4,323,2,35,29,"Sunday Nov 20, 1994",,21,2,0,1,0,0,335,42,26,0,343,8,16,31,1,88,15,7,37:33,1,423,0,63,8,MIA,Miami Dolphins,Three Rivers Stadium,1:00pm,Home,PIT,Pittsburgh Steelers
199411200min,60687,17,0,0,1,1,0,220,29,22,3,230,6,31,26,0,62,13,6,29:15,1,282,1,47,10,"Sunday Nov 20, 1994",,26,4,2,2,0,4,374,51,33,2,400,2,21,18,1,87,12,4,30:45,3,461,4,16,26,MIN,Minnesota Vikings,Hubert H. Humphrey Metrodome,4:00pm,Away,NYJ,New York Jets
199411200den,70594,16,1,0,1,0,0,254,43,19,4,254,8,28,17,0,76,14,6,25:02,0,330,0,62,0,"Sunday Nov 20, 1994",,25,2,2,1,1,1,336,42,27,2,382,5,32,29,2,89,17,6,34:58,5,425,2,40,46,ATL,Atlanta Falcons,Mile High Stadium,4:00pm,Home,DEN,Denver Broncos
199411200crd,62779,14,4,2,1,1,1,110,44,17,0,151,7,6,14,0,75,14,3,23:37,4,185,2,55,41,"Sunday Nov 20, 1994",,16,0,0,1,1,0,123,23,12,0,132,12,12,39,0,158,15,4,36:23,1,281,1,85,9,PHI,Philadelphia Eagles,Sun Devil Stadium,4:00pm,Home,CRD,Arizona Cardinals
199411200sea,37466,23,1,1,1,1,1,212,32,22,2,212,8,21,32,0,120,11,3,33:09,0,332,2,81,0,"Sunday Nov 20, 1994",,18,0,0,2,2,1,117,25,13,2,127,7,22,34,1,177,15,10,26:51,1,294,3,53,10,TAM,Tampa Bay Buccaneers,Seattle Kingdome,4:00pm,Home,SEA,Seattle Seahawks
199411200rai,41722,16,2,1,0,0,1,230,44,28,2,262,8,19,11,0,16,13,3,27:12,4,246,1,55,32,"Sunday Nov 20, 1994",,22,1,0,2,2,2,307,28,22,3,310,11,24,34,0,121,10,5,32:48,2,428,4,89,3,NOR,New Orleans Saints,Los Angeles Memorial Coliseum,4:00pm,Home,RAI,Los Angeles Raiders
199411200sfo,62774,17,1,0,0,0,0,272,37,19,2,283,5,27,18,1,86,11,5,22:29,2,358,0,50,11,"Sunday Nov 20, 1994",,32,0,0,1,1,0,325,44,30,4,325,7,31,37,0,134,14,9,37:31,0,459,1,60,0,RAM,Los Angeles Rams,Candlestick Park,8:00pm,Home,SFO,San Francisco 49ers
199411210oti,53201,18,1,0,0,0,0,124,21,10,1,124,4,13,43,0,163,13,5,33:16,0,287,0,45,0,"Monday Nov 21, 1994",,13,2,0,1,0,0,112,15,10,0,119,10,10,29,1,166,8,1,26:44,1,278,0,78,7,OTI,Houston Oilers,Houston Astrodome,9:00pm,Away,NYG,New York Giants
199411240det,75672,25,1,1,1,0,2,246,35,29,2,273,7,21,29,1,121,10,5,33:24,3,367,2,55,27,"Thursday Nov 24, 1994",,20,0,0,2,0,0,341,25,20,3,351,3,35,21,1,47,7,3,26:36,2,388,0,29,10,BUF,Buffalo Bills,Pontiac Silverdome,12:30pm,Home,DET,Detroit Lions
199411240dal,64597,17,2,1,0,0,0,248,40,27,4,257,8,31,18,0,29,15,6,27:54,2,277,0,94,9,"Thursday Nov 24, 1994",,23,0,0,2,0,1,298,26,15,2,311,10,42,37,3,138,14,6,32:06,2,436,1,109,13,GNB,Green Bay Packers,Texas Stadium,4:00pm,Home,DAL,Dallas Cowboys
199411270nyj,75606,22,0,0,2,2,2,359,44,31,4,359,3,28,11,0,38,10,6,23:19,0,397,4,32,0,"Sunday Nov 27, 1994",,25,3,1,4,0,2,365,41,26,2,382,4,24,28,1,76,12,6,36:41,2,441,2,35,17,NYJ,New York Jets,Giants Stadium,1:00pm,Away,MIA,Miami Dolphins
199411270min,47259,20,2,1,0,0,1,254,38,20,1,254,4,20,31,1,72,14,4,31:59,0,326,1,20,0,"Sunday Nov 27, 1994",,19,1,0,1,1,1,246,46,24,1,286,7,17,22,0,85,19,8,30:09,5,331,2,45,40,MIN,Minnesota Vikings,Hubert H. Humphrey Metrodome,1:00pm,Away,TAM,Tampa Bay Buccaneers
199411270cle,65088,11,2,1,3,2,0,102,33,16,0,124,9,10,19,1,80,15,4,24:47,4,182,2,99,22,"Sunday Nov 27, 1994",,23,1,1,3,2,1,199,29,15,2,199,6,34,38,2,144,14,7,35:13,1,343,3,43,0,OTI,Houston Oilers,Cleveland Municipal Stadium,1:00pm,Home,CLE,Cleveland Browns
199411270atl,60008,14,1,0,2,1,1,203,36,19,0,248,10,21,14,3,115,13,3,23:32,5,318,2,75,45,"Sunday Nov 27, 1994",,24,0,0,0,0,3,354,46,26,2,364,14,28,24,1,64,14,4,36:28,2,418,3,95,10,PHI,Philadelphia Eagles,Georgia Dome,1:00pm,Home,ATL,Atlanta Falcons
199411270den,69714,16,1,0,3,3,1,198,34,16,1,218,6,13,30,0,130,16,7,30:03,3,328,4,40,20,"Sunday Nov 27, 1994",,12,0,0,1,0,0,206,38,21,1,239,3,15,22,0,50,16,4,29:57,4,256,0,25,33,CIN,Cincinnati Bengals,Mile High Stadium,4:00pm,Home,DEN,Denver Broncos
199411270crd,65922,20,1,1,0,0,2,186,28,15,1,186,3,19,40,0,132,16,7,38:12,0,318,2,30,0,"Sunday Nov 27, 1994",,15,0,0,1,0,1,177,43,23,0,192,8,16,17,0,67,14,4,29:59,2,244,1,71,15,CRD,Arizona Cardinals,Sun Devil Stadium,4:00pm,Away,CHI,Chicago Bears
199411270was,43384,20,0,0,2,1,0,160,17,10,2,161,2,21,45,1,131,13,5,34:48,1,291,1,15,1,"Sunday Nov 27, 1994",,14,1,0,0,0,1,161,28,11,0,165,9,19,24,0,152,12,3,25:12,1,313,1,97,4,WAS,Washington Redskins,Robert F. Kennedy Memorial Stadium,4:00pm,Away,NYG,New York Giants
199411270sea,54120,18,1,0,2,2,0,197,47,26,0,202,2,9,29,0,115,19,7,32:04,1,312,2,15,5,"Sunday Nov 27, 1994",,12,2,1,1,0,0,207,35,18,0,218,5,10,26,1,59,16,3,27:56,2,266,0,40,11,KAN,Kansas City Chiefs,Seattle Kingdome,4:00pm,Home,SEA,Seattle Seahawks
199411270sdg,59579,17,1,0,1,1,4,278,47,26,2,298,7,17,13,0,48,14,5,29:03,4,326,5,61,20,"Sunday Nov 27, 1994",,16,1,1,1,0,1,129,33,17,1,147,5,31,30,0,114,15,4,30:57,2,243,1,40,18,RAM,Los Angeles Rams,Jack Murphy Stadium,4:00pm,Home,SDG,San Diego Chargers
199411270rai,58327,19,0,0,1,0,0,131,27,12,2,131,8,21,39,1,175,16,9,32:44,0,306,0,57,0,"Sunday Nov 27, 1994",,14,1,0,2,2,0,122,28,15,0,146,2,3,25,0,57,14,6,27:16,5,179,2,10,24,RAI,Los Angeles Raiders,Los Angeles Memorial Coliseum,4:00pm,Away,PIT,Pittsburgh Steelers
199411270clt,43839,19,1,1,1,0,1,257,36,26,0,271,5,12,35,0,79,19,10,38:05,2,336,1,35,14,"Sunday Nov 27, 1994",,15,0,0,3,2,0,158,27,16,1,186,4,10,19,0,132,9,1,21:55,2,290,2,35,28,CLT,Indianapolis Colts,RCA Dome,8:00pm,Away,NWE,New England Patriots
199411280nor,61304,28,0,0,4,2,0,270,30,24,4,281,4,35,42,0,191,15,11,38:29,2,461,2,30,11,"Monday Nov 28, 1994",,13,1,0,2,1,2,139,25,13,0,147,6,14,17,1,83,9,3,21:31,1,222,3,45,8,NOR,New Orleans Saints,Louisiana Superdome,9:00pm,Away,SFO,San Francisco 49ers
199412010min,61483,15,0,0,2,2,1,232,33,24,2,233,2,27,32,0,80,16,6,33:21,1,312,3,15,1,"Thursday Dec 1, 1994",,21,1,1,2,1,1,285,48,27,2,306,4,33,27,0,100,18,8,32:25,3,385,2,39,21,CHI,Chicago Bears,Hubert H. Humphrey Metrodome,8:00pm,Home,MIN,Minnesota Vikings
199412040phi,65974,15,0,0,1,0,1,160,17,10,1,172,4,31,32,2,104,10,3,26:25,3,264,1,30,12,"Sunday Dec 4, 1994",,25,1,0,0,0,1,285,46,29,2,327,6,19,26,0,108,16,7,33:35,5,393,1,41,42,PHI,Philadelphia Eagles,Veterans Stadium,1:00pm,Away,DAL,Dallas Cowboys
199412040nwe,60138,13,3,1,1,0,1,155,40,16,1,155,5,13,19,0,64,15,3,23:40,0,219,1,40,0,"Sunday Dec 4, 1994",,20,3,2,1,1,1,191,34,19,1,199,8,24,39,1,135,18,9,36:20,1,326,2,52,8,NYJ,New York Jets,Foxboro Stadium,1:00pm,Home,NWE,New England Patriots
199412040tam,45121,7,0,0,2,2,1,258,25,13,2,278,3,21,12,0,10,11,3,17:46,3,268,3,30,20,"Sunday Dec 4, 1994",,28,0,0,0,0,2,251,35,18,1,251,5,26,48,2,213,13,6,42:14,0,464,2,35,0,WAS,Washington Redskins,Tampa Stadium,1:00pm,Home,TAM,Tampa Bay Buccaneers
199412040cin,53401,23,1,1,0,0,0,123,24,17,2,131,10,38,47,2,185,17,11,40:00,1,308,0,94,8,"Sunday Dec 4, 1994",,13,2,1,1,1,2,119,20,8,1,156,3,15,20,1,76,10,3,20:00,5,195,3,15,37,CIN,Cincinnati Bengals,Riverfront Stadium,1:00pm,Away,PIT,Pittsburgh Steelers
199412040oti,39821,18,0,0,2,0,1,171,20,12,1,176,3,30,45,2,161,15,6,39:55,1,332,1,25,5,"Sunday Dec 4, 1994",,10,1,1,2,1,5,161,34,11,0,184,2,12,16,0,37,9,0,20:05,4,198,6,10,23,OTI,Houston Oilers,Houston Astrodome,4:00pm,Away,CRD,Arizona Cardinals
199412040kan,77631,26,1,0,1,1,0,270,36,24,1,299,9,20,43,1,123,21,12,46:01,5,393,1,70,29,"Sunday Dec 4, 1994",,17,0,0,2,1,0,323,37,18,1,323,8,17,25,1,78,14,6,26:11,0,401,1,66,0,KAN,Kansas City Chiefs,Arrowhead Stadium,4:00pm,Away,DEN,Denver Broncos
199412040det,76338,23,1,0,2,0,2,359,43,29,3,366,6,31,23,0,58,15,10,31:59,1,417,2,55,7,"Sunday Dec 4, 1994",,21,0,0,0,0,0,188,30,18,2,196,7,34,27,2,199,11,5,28:01,1,387,0,60,8,GNB,Green Bay Packers,Pontiac Silverdome,4:00pm,Home,DET,Detroit Lions
199412040cle,72068,18,0,0,1,0,1,202,33,17,1,226,10,16,33,0,96,18,7,33:15,4,298,1,74,24,"Sunday Dec 4, 1994",,13,0,0,3,3,2,229,38,20,0,238,11,13,17,1,77,12,4,26:45,1,306,5,88,9,CLE,Cleveland Browns,Cleveland Municipal Stadium,4:00pm,Away,NYG,New York Giants
199412040sfo,60549,12,0,0,3,2,3,205,40,19,1,227,8,14,12,0,43,14,3,23:14,3,248,5,98,22,"Sunday Dec 4, 1994",,28,1,0,1,0,1,315,38,25,3,321,5,50,39,3,161,15,8,36:46,2,476,1,30,6,ATL,Atlanta Falcons,Candlestick Park,4:00pm,Home,SFO,San Francisco 49ers
199412040sea,39574,14,1,1,3,2,2,105,19,10,1,105,2,31,39,2,183,12,3,28:15,0,288,4,10,0,"Sunday Dec 4, 1994",,15,0,0,3,3,2,131,37,20,2,173,13,19,27,0,107,16,5,31:45,5,238,5,124,42,SEA,Seattle Seahawks,Seattle Kingdome,4:00pm,Away,CLT,Indianapolis Colts
199412040ram,34960,20,1,1,0,0,1,191,27,17,1,205,10,31,38,3,137,14,6,33:07,2,328,1,65,14,"Sunday Dec 4, 1994",,20,3,2,5,4,0,258,37,26,2,284,10,15,21,0,75,12,5,26:53,3,333,4,94,26,RAM,Los Angeles Rams,Anaheim Stadium,4:00pm,Away,NOR,New Orleans Saints
199412040mia,69358,19,1,0,7,1,1,322,29,19,4,331,5,42,28,2,76,13,8,26:56,2,398,2,42,9,"Sunday Dec 4, 1994",,25,1,1,1,0,4,387,54,32,4,391,9,31,19,0,73,16,8,33:04,1,460,4,87,4,MIA,Miami Dolphins,Joe Robbie Stadium,8:00pm,Away,BUF,Buffalo Bills
199412050sdg,63012,22,0,0,0,0,1,322,31,24,3,328,17,24,29,0,88,11,5,33:53,1,410,1,146,6,"Monday Dec 5, 1994",,18,2,0,2,1,0,214,37,20,2,236,9,17,22,0,47,13,5,26:07,2,261,1,63,22,SDG,San Diego Chargers,Jack Murphy Stadium,9:00pm,Away,RAI,Los Angeles Raiders
199412100nyj,56080,19,0,0,0,0,1,189,24,18,1,189,4,18,31,0,137,11,5,32:16,0,326,1,20,0,"Saturday Dec 10, 1994",,14,2,1,2,1,0,141,30,17,0,151,8,7,26,1,120,14,6,27:44,1,261,1,50,10,NYJ,New York Jets,Giants Stadium,12:30pm,Away,DET,Detroit Lions
199412100dal,64286,16,1,1,1,1,1,110,25,15,1,118,3,19,38,0,134,15,7,32:36,1,244,2,15,8,"Saturday Dec 10, 1994",,19,1,0,2,2,2,177,36,21,1,188,4,14,27,1,112,14,9,27:24,2,289,4,70,11,DAL,Dallas Cowboys,Texas Stadium,4:00pm,Away,CLE,Cleveland Browns
199412110nyg,67530,20,1,0,1,1,0,205,38,18,2,208,8,20,37,0,121,18,8,32:17,1,326,1,104,3,"Sunday Dec 11, 1994",,18,0,0,1,0,2,215,26,16,1,222,8,27,30,2,89,13,4,27:43,1,304,2,71,7,CIN,Cincinnati Bengals,Giants Stadium,1:00pm,Home,NYG,New York Giants
199412110nwe,57656,13,2,1,3,2,2,138,32,12,0,166,9,13,27,0,74,14,2,27:03,4,212,4,70,28,"Sunday Dec 11, 1994",,24,4,2,2,1,4,277,45,25,2,277,6,28,37,2,84,18,8,32:57,0,361,5,35,0,CLT,Indianapolis Colts,Foxboro Stadium,1:00pm,Home,NWE,New England Patriots
199412110gnb,57927,9,2,0,2,0,2,149,35,15,0,167,1,3,14,0,27,13,3,21:00,2,176,2,5,18,"Sunday Dec 11, 1994",,28,0,0,2,0,1,259,34,20,3,266,2,40,46,1,257,16,9,39:00,2,516,1,40,7,CHI,Chicago Bears,Lambeau Field,1:00pm,Home,GNB,Green Bay Packers
199412110buf,66501,20,0,0,1,1,0,261,34,21,0,261,10,21,32,1,116,15,9,32:41,0,377,1,65,0,"Sunday Dec 11, 1994",,19,2,0,0,0,1,183,32,19,2,214,3,17,27,0,85,13,7,27:19,4,268,1,25,31,BUF,Buffalo Bills,Rich Stadium,1:00pm,Away,MIN,Minnesota Vikings
199412110tam,34150,19,1,1,2,2,0,198,34,18,2,199,9,14,26,0,63,12,5,27:20,1,261,2,83,1,"Sunday Dec 11, 1994",,17,0,0,0,0,0,230,22,10,2,231,10,24,35,1,125,13,5,32:40,1,355,0,80,1,RAM,Los Angeles Rams,Tampa Stadium,1:00pm,Home,TAM,Tampa Bay Buccaneers
199412110pit,55474,9,0,0,1,0,1,34,27,9,0,59,10,3,23,0,71,14,3,23:57,3,105,1,67,25,"Sunday Dec 11, 1994",,20,1,0,1,1,1,145,35,19,1,158,6,14,39,1,124,18,9,36:03,2,269,2,57,13,PHI,Philadelphia Eagles,Three Rivers Stadium,1:00pm,Home,PIT,Pittsburgh Steelers
199412110oti,31453,21,1,1,1,1,0,64,17,8,0,95,6,16,50,2,266,18,8,37:14,4,330,1,47,31,"Sunday Dec 11, 1994",,14,2,0,1,1,1,145,29,16,1,184,4,14,20,0,63,12,3,22:46,6,208,2,43,39,OTI,Houston Oilers,Houston Astrodome,4:00pm,Away,SEA,Seattle Seahawks
199412110crd,53790,19,0,0,2,1,1,283,27,16,1,286,5,15,28,0,123,10,2,31:34,1,406,2,30,3,"Sunday Dec 11, 1994",,14,1,1,1,1,0,194,25,16,1,216,5,17,28,1,84,13,3,28:26,3,278,1,40,22,WAS,Washington Redskins,Sun Devil Stadium,4:00pm,Home,CRD,Arizona Cardinals
199412110sdg,62105,27,4,2,3,1,0,298,32,25,2,304,6,38,33,2,119,10,4,32:06,1,417,1,36,6,"Sunday Dec 11, 1994",,20,3,2,1,0,2,322,43,25,1,337,5,15,22,1,56,15,8,27:54,2,378,2,49,15,SDG,San Diego Chargers,Jack Murphy Stadium,4:00pm,Away,SFO,San Francisco 49ers
199412110rai,60016,16,0,0,3,2,0,228,33,20,1,242,4,13,21,0,63,11,1,25:47,2,291,2,45,14,"Sunday Dec 11, 1994",,16,0,0,0,0,0,177,31,16,1,211,12,23,32,0,128,16,5,34:13,5,305,0,81,34,DEN,Denver Broncos,Los Angeles Memorial Coliseum,4:00pm,Home,RAI,Los Angeles Raiders
199412110atl,61307,19,1,1,1,0,0,264,31,18,2,273,7,29,32,0,138,14,6,31:26,1,402,0,50,9,"Sunday Dec 11, 1994",,23,0,0,1,0,1,284,42,25,1,284,4,20,20,1,92,12,7,28:34,0,376,1,29,0,ATL,Atlanta Falcons,Georgia Dome,8:00pm,Away,NOR,New Orleans Saints
199412120mia,71578,26,3,3,1,0,3,314,55,33,2,314,9,28,16,1,84,14,7,28:45,0,398,3,54,0,"Monday Dec 12, 1994",,23,2,2,0,0,0,241,30,21,2,241,5,45,31,3,144,10,5,31:15,0,385,0,24,0,KAN,Kansas City Chiefs,Joe Robbie Stadium,9:00pm,Home,MIA,Miami Dolphins
199412170det,73881,18,3,1,1,0,1,273,51,29,1,290,10,19,23,0,64,18,6,34:19,2,337,1,98,17,"Saturday Dec 17, 1994",,17,0,0,1,1,0,160,20,15,2,160,5,41,25,2,124,10,5,25:41,0,284,1,40,0,MIN,Minnesota Vikings,Pontiac Silverdome,12:30pm,Home,DET,Detroit Lions
199412170sfo,69242,20,1,1,3,2,1,286,41,29,0,323,6,19,15,2,48,12,3,27:15,7,334,3,25,37,"Saturday Dec 17, 1994",,25,1,1,1,0,1,386,33,23,3,394,4,42,30,3,102,12,8,32:45,1,488,1,26,8,DEN,Denver Broncos,Candlestick Park,4:00pm,Home,SFO,San Francisco 49ers
199412180nyj,48213,24,1,0,2,2,0,251,26,19,3,280,5,21,38,0,152,13,6,30:17,3,403,2,45,29,"Sunday Dec 18, 1994",,14,1,0,2,1,0,167,32,20,0,195,6,6,21,0,76,13,3,29:43,5,243,1,72,28,NYJ,New York Jets,Giants Stadium,1:00pm,Away,SDG,San Diego Chargers
199412180gnb,54885,22,0,0,1,1,1,236,45,21,1,236,1,17,22,1,97,13,6,28:11,0,333,2,5,0,"Sunday Dec 18, 1994",,23,0,0,1,0,1,310,44,29,2,321,7,21,21,1,74,13,7,31:49,2,384,1,57,11,ATL,Atlanta Falcons,Milwaukee County Stadium,1:00pm,Home,GNB,Green Bay Packers
199412180chi,56276,13,2,1,3,1,0,206,35,17,0,214,1,13,19,1,37,13,4,25:29,2,243,1,5,8,"Sunday Dec 18, 1994",,19,0,0,1,0,0,135,25,12,1,135,4,27,42,2,163,16,9,34:31,0,298,0,33,0,RAM,Los Angeles Rams,Soldier Field,1:00pm,Home,CHI,Chicago Bears
199412180buf,56784,22,2,1,2,0,0,276,31,22,3,276,6,41,34,1,101,13,6,33:22,0,377,0,45,0,"Sunday Dec 18, 1994",,16,1,1,3,3,2,191,29,19,1,207,5,17,26,1,135,12,3,26:38,2,326,5,35,16,BUF,Buffalo Bills,Rich Stadium,1:00pm,Away,NWE,New England Patriots
199412180was,47315,20,0,0,0,0,2,267,34,19,0,267,6,17,33,2,108,15,8,34:06,0,375,2,41,0,"Sunday Dec 18, 1994",,14,2,1,1,0,0,194,35,17,2,201,3,14,23,0,73,15,6,25:54,1,267,0,20,7,WAS,Washington Redskins,Robert F. Kennedy Memorial Stadium,1:00pm,Away,TAM,Tampa Bay Buccaneers
199412180kan,74474,16,1,1,4,4,1,98,26,15,1,116,4,9,29,0,119,11,3,30:03,3,217,5,35,18,"Sunday Dec 18, 1994",,17,1,0,0,0,0,228,27,16,2,235,8,31,30,2,135,13,6,29:57,1,363,0,45,7,OTI,Houston Oilers,Arrowhead Stadium,4:00pm,Home,KAN,Kansas City Chiefs
199412180crd,50110,12,0,0,2,2,1,125,28,10,1,149,7,7,14,0,64,11,2,18:29,4,189,3,42,24,"Sunday Dec 18, 1994",,24,1,0,3,0,0,212,34,21,2,219,8,28,39,2,152,15,6,41:31,1,364,0,69,7,CIN,Cincinnati Bengals,Sun Devil Stadium,4:00pm,Home,CRD,Arizona Cardinals
199412180clt,58867,17,4,3,1,0,0,214,37,21,0,225,4,6,26,0,97,16,5,33:30,2,311,0,30,11,"Sunday Dec 18, 1994",,12,1,1,0,0,0,69,19,9,0,75,2,10,30,0,143,13,3,26:30,2,212,0,15,6,MIA,Miami Dolphins,RCA Dome,4:00pm,Home,CLT,Indianapolis Colts
199412180pit,60808,21,2,0,3,1,2,245,42,21,1,250,10,7,24,0,86,13,4,26:34,1,331,3,96,5,"Sunday Dec 18, 1994",,18,0,0,0,0,0,153,18,10,1,175,6,17,41,1,123,12,2,33:26,2,276,0,62,22,CLE,Cleveland Browns,Three Rivers Stadium,4:00pm,Home,PIT,Pittsburgh Steelers
199412180phi,64540,20,0,0,3,1,1,230,27,18,0,264,5,16,34,1,122,15,5,32:21,5,352,2,78,34,"Sunday Dec 18, 1994",,12,0,0,1,1,1,171,39,25,1,182,11,13,16,0,51,15,6,27:39,1,222,2,98,11,PHI,Philadelphia Eagles,Veterans Stadium,4:00pm,Away,NYG,New York Giants
199412180sea,53301,16,1,0,0,0,0,206,29,17,1,235,7,17,27,1,116,14,4,29:36,5,322,0,50,29,"Sunday Dec 18, 1994",,15,1,1,4,0,0,155,34,14,0,166,9,16,30,1,125,18,5,30:24,2,280,0,50,11,SEA,Seattle Seahawks,Seattle Kingdome,8:00pm,Away,RAI,Los Angeles Raiders
199412190nor,67323,23,0,0,0,0,2,175,28,21,0,175,5,24,34,1,105,12,8,33:09,0,280,2,58,0,"Monday Dec 19, 1994",,19,2,2,1,0,3,147,32,18,0,162,5,16,25,1,90,12,4,26:51,2,237,3,36,15,NOR,New Orleans Saints,Louisiana Superdome,9:00pm,Away,DAL,Dallas Cowboys
199412240nyg,66943,11,0,0,3,1,0,93,19,15,0,112,7,10,24,1,90,11,4,27:25,3,183,1,45,19,"Saturday Dec 24, 1994",,15,0,0,1,0,0,122,19,11,1,141,5,15,37,0,127,13,5,32:35,4,249,0,46,19,DAL,Dallas Cowboys,Giants Stadium,1:00pm,Home,NYG,New York Giants
199412240clt,38458,20,0,0,2,0,2,243,46,26,0,258,6,9,25,0,57,17,8,33:18,2,300,2,40,15,"Saturday Dec 24, 1994",,13,1,1,2,1,1,100,28,12,1,118,2,10,27,0,145,14,4,26:42,2,245,2,10,18,BUF,Buffalo Bills,RCA Dome,1:00pm,Home,CLT,Indianapolis Colts
199412240cle,54180,18,1,0,3,2,1,217,37,18,1,229,8,9,23,0,84,14,6,25:54,2,301,3,65,12,"Saturday Dec 24, 1994",,23,1,0,1,0,1,245,26,19,2,245,6,35,38,3,106,13,9,34:06,0,351,1,42,0,SEA,Seattle Seahawks,Cleveland Municipal Stadium,1:00pm,Home,CLE,Cleveland Browns
199412240cin,39923,19,2,0,5,3,0,297,37,26,1,325,6,30,24,0,81,13,5,31:26,4,378,3,39,28,"Saturday Dec 24, 1994",,23,2,2,2,1,3,233,42,17,2,239,2,33,28,1,152,13,5,28:34,1,385,4,10,6,PHI,Philadelphia Eagles,Riverfront Stadium,1:00pm,Home,CIN,Cincinnati Bengals
199412240chi,60178,19,2,1,2,0,1,263,38,23,1,277,4,13,31,0,80,17,7,33:21,2,343,1,30,14,"Saturday Dec 24, 1994",,14,0,0,3,1,0,183,38,17,0,186,3,3,21,0,65,16,7,26:39,1,248,1,22,3,CHI,Chicago Bears,Soldier Field,1:00pm,Away,NWE,New England Patriots
199412240tam,65076,25,1,0,2,1,1,290,36,24,3,291,3,34,38,1,143,14,8,37:17,1,433,2,25,1,"Saturday Dec 24, 1994",,14,0,0,2,1,1,152,32,16,2,161,2,19,16,0,62,11,3,22:43,1,214,2,20,9,TAM,Tampa Bay Buccaneers,Tampa Stadium,1:00pm,Away,GNB,Green Bay Packers
199412240atl,35311,18,1,0,3,2,0,313,42,26,0,317,8,6,25,0,72,13,4,33:00,1,385,2,45,4,"Saturday Dec 24, 1994",,12,0,0,1,0,1,256,32,15,1,280,8,10,19,0,51,13,3,27:00,2,307,1,43,24,CRD,Arizona Cardinals,Georgia Dome,1:00pm,Home,ATL,Atlanta Falcons
199412240rai,64130,24,1,1,1,1,0,218,25,16,1,228,11,19,44,0,204,15,9,38:12,1,422,1,73,10,"Saturday Dec 24, 1994",,14,0,0,1,0,1,221,28,15,1,232,9,9,16,0,53,10,5,21:48,2,274,1,49,11,RAI,Los Angeles Raiders,Los Angeles Memorial Coliseum,4:00pm,Away,KAN,Kansas City Chiefs
199412240oti,31176,14,3,1,2,2,1,127,31,15,0,127,4,10,23,1,89,12,2,24:07,0,216,3,61,0,"Saturday Dec 24, 1994",,25,0,0,2,1,2,206,30,17,0,220,7,24,40,2,175,13,5,35:53,3,381,3,53,14,NYJ,New York Jets,Houston Astrodome,4:00pm,Home,OTI,Houston Oilers
199412240den,64445,22,0,0,2,1,0,367,35,28,3,391,7,30,26,0,80,12,0,33:15,5,447,1,63,24,"Saturday Dec 24, 1994",,23,1,1,1,1,3,258,44,25,1,290,4,28,23,2,90,11,2,26:45,4,348,4,56,32,DEN,Denver Broncos,Mile High Stadium,4:00pm,Away,NOR,New Orleans Saints
199412240sdg,58379,22,0,0,2,0,0,306,29,18,3,321,6,34,29,1,136,14,8,29:34,2,442,0,57,15,"Saturday Dec 24, 1994",,21,2,2,0,0,0,263,41,24,1,273,3,37,27,2,87,16,7,30:26,1,350,0,51,10,PIT,Pittsburgh Steelers,Jack Murphy Stadium,4:00pm,Home,SDG,San Diego Chargers
199412240ram,25705,19,1,0,0,0,1,138,28,13,1,149,2,24,37,1,150,16,6,30:49,1,288,1,9,11,"Saturday Dec 24, 1994",,18,1,0,1,0,1,293,40,27,2,304,5,21,21,0,77,14,5,29:11,2,370,1,46,11,RAM,Los Angeles Rams,Anaheim Stadium,4:00pm,Away,WAS,Washington Redskins
199412250mia,70980,15,2,0,1,0,2,170,46,21,1,211,3,20,14,0,52,16,6,23:28,5,222,2,20,41,"Sunday Dec 25, 1994",,21,2,1,5,3,0,285,35,26,0,285,7,27,35,3,98,12,5,36:32,1,383,3,58,0,DET,Detroit Lions,Joe Robbie Stadium,8:00pm,Home,MIA,Miami Dolphins
199412260min,63326,18,1,0,4,3,1,246,36,30,2,278,8,14,19,0,49,13,6,30:06,3,295,4,56,32,"Monday Dec 26, 1994",,14,0,0,2,1,1,150,34,16,0,156,3,21,32,1,102,17,7,29:54,1,252,2,29,6,SFO,San Francisco 49ers,Hubert H. Humphrey Metrodome,9:00pm,Home,MIN,Minnesota Vikings
199412310gnb,59506,9,2,1,1,0,0,175,35,17,1,199,4,12,15,0,4,15,3,22:32,4,171,0,30,24,"Saturday Dec 31, 1994",,18,3,1,0,0,0,255,38,23,0,262,3,16,35,1,81,17,5,37:28,1,336,0,35,7,DET,Detroit Lions,Lambeau Field,12:30pm,Home,GNB,Green Bay Packers
199412310mia,67487,24,2,1,3,1,1,314,37,26,2,314,4,17,23,0,100,9,4,27:30,0,414,2,15,0,"Saturday Dec 31, 1994",,22,1,1,0,0,0,249,29,22,2,257,6,27,31,1,132,14,8,32:30,1,381,0,50,8,KAN,Kansas City Chiefs,Joe Robbie Stadium,4:00pm,Home,MIA,Miami Dolphins
199501010cle,77452,20,,,0,0,3,246,51,22,1,256,3,13,16,0,57,,,,1,303,3,21,10,"Sunday Jan 1, 1995",,22,,,2,1,0,254,30,20,1,268,4,20,34,1,125,,,,2,379,1,25,14,NWE,New England Patriots,Cleveland Municipal Stadium,12:30pm,Home,CLE,Cleveland Browns
199501010min,60347,18,,,1,1,1,214,23,15,2,221,6,35,30,2,94,,,,1,308,2,30,7,"Sunday Jan 1, 1995",,22,,,3,2,2,340,61,33,2,351,11,18,19,0,49,,,,2,389,4,85,11,MIN,Minnesota Vikings,Hubert H. Humphrey Metrodome,4:00pm,Away,CHI,Chicago Bears
199501070pit,58185,10,,,0,0,2,131,31,13,1,144,2,9,17,0,55,,,,2,186,2,17,13,"Saturday Jan 7, 1995",,23,,,2,1,0,186,23,16,2,186,4,29,51,1,238,,,,0,424,1,50,0,CLE,Cleveland Browns,Three Rivers Stadium,12:30pm,Home,PIT,Pittsburgh Steelers
199501070sfo,64644,20,,,2,0,2,208,47,29,1,239,4,15,18,1,39,,,,4,247,2,32,31,"Saturday Jan 7, 1995",,27,,,3,1,0,185,26,18,1,190,3,44,37,5,145,,,,1,330,1,16,5,CHI,Chicago Bears,Candlestick Park,4:00pm,Home,SFO,San Francisco 49ers
199501080dal,64745,18,,,0,0,1,228,46,21,0,236,8,9,23,1,99,,,,1,327,1,43,8,"Sunday Jan 8, 1995",,27,,,1,1,1,330,32,23,2,337,7,35,32,3,120,,,,1,450,2,46,7,GNB,Green Bay Packers,Texas Stadium,12:30pm,Home,DAL,Dallas Cowboys
199501080sdg,63381,17,,,1,0,0,256,38,24,3,262,7,21,8,0,26,,,,1,282,0,47,6,"Sunday Jan 8, 1995",,28,,,2,1,2,264,43,28,1,276,5,22,40,1,202,,,,2,466,3,67,12,MIA,Miami Dolphins,Jack Murphy Stadium,4:00pm,Home,SDG,San Diego Chargers
199501150pit,61545,13,,,0,0,1,160,22,11,2,165,3,17,24,0,66,,,,1,226,1,15,5,"Sunday Jan 15, 1995",,22,,,3,1,0,349,54,32,1,349,8,13,26,0,66,,,,0,415,1,111,0,PIT,Pittsburgh Steelers,Three Rivers Stadium,12:30pm,Away,SDG,San Diego Chargers
199501150sfo,69125,29,,,2,2,3,352,53,30,2,380,9,28,24,2,99,,,,4,451,5,98,28,"Sunday Jan 15, 1995",,19,,,1,1,0,155,29,13,2,155,4,38,31,2,139,,,,0,294,1,30,0,DAL,Dallas Cowboys,Candlestick Park,4:00pm,Home,SFO,San Francisco 49ers
199501290sdg,74107,28,,,2,0,0,316,38,25,6,331,3,49,32,1,139,,,,3,455,0,18,15,"Sunday Jan 29, 1995",,20,,,1,0,3,287,55,27,1,305,6,26,19,1,67,,,,2,354,3,63,18,SDG,San Diego Chargers,Joe Robbie Stadium,6:00pm,Away,SFO,San Francisco 49ers
